BRAND,PRODUCT,ACTUAL PRICE,DISCOUNTED PRICE,DISCOUNT
Roadster, Men Striped Round Neck T-shirt , Rs.699 , Rs.419 , 40% 
Moda Rapido, Printed Round Neck T-shirt , Rs.649 , Rs.649 , 0%
FIDO DIDO, Solid Polo Collar T-shirt , Rs.1449 , Rs.579 , 60% 
Roadster, Colour Blocked T-shirt , Rs.499 , Rs.399 , 20% 
HERE&NOW, Men Printed Round Neck T-shirt , Rs.749 , Rs.486 , 35% 
Nike, ELMNT HZ 2.0 T-shirt , Rs.3295 , Rs.1977 , 40% 
ADIDAS, ESS Linear Printed T-shirt , Rs.1299 , Rs.779 , 40% 
Superdry, Solid Polo Collar T-shirt , Rs.4999 , Rs.3749 , 25% 
Roadster, Striped Round Neck T-shirt , Rs.799 , Rs.479 , 40% 
HRX by Hrithik Roshan, Printed Round Neck T-Shirt , Rs.699 , Rs.559 , 20% 
Roadster, Printed Round Neck T-shirt , Rs.499 , Rs.399 , 20% 
HERE&NOW, Solid V-Neck T-shirt , Rs.799 , Rs.439 , 45% 
Roadster, Printed Round Neck T-shirt , Rs.599 , Rs.359 , 40% 
Huetrap, Printed Round Neck T-shirt , Rs.999 , Rs.499 , 50% 
Mast & Harbour, Striped Round Neck T-shirt , Rs.699 , Rs.419 , 40% 
next, Solid V-Neck T-shirt , Rs.789 , Rs.591 , 25% 
Roadster, T-shirt , Rs.599 , Rs.359 , 40% 
Campus Sutra, Dyed Henley Neck T-shirt , Rs.749 , Rs.337 , 55% 
Mast & Harbour, Men Solid Round Neck T-shirt , Rs.699 , Rs.349 , 50% 
Moda Rapido, Striped Round Neck T-shirt , Rs.699 , Rs.699 , 0%
Roadster, Printed Round Neck T-shirt , Rs.699 , Rs.419 , 40% 
Jack & Jones, Solid V-Neck T-shirt , Rs.899 , Rs.629 , 30% 
Calvin Klein Jeans, Printed Round Neck T-shirt , Rs.2299 , Rs.1379 , 40% 
Roadster, Solid Round Neck T-shirt , Rs.599 , Rs.359 , 40% 
Roadster, Printed Round Neck T-shirt , Rs.699 , Rs.419 , 40% 
HERE&NOW, Colourblocked Round Neck T-shirt , Rs.849 , Rs.551 , 35% 
Force NXT, Striped Round Neck T-shirt , Rs.499 , Rs.374 , 25% 
Moda Rapido, Printed Round Neck T-shirt , Rs.649 , Rs.519 , 20% 
GESPO, Solid Round Neck T-shirt , Rs.849 , Rs.339 , 60% 
Calvin Klein Jeans, Printed Round Neck T-shirt , Rs.3299 , Rs.1979 , 40% 
Roadster, Solid Round Neck Black T-shirt , Rs.699 , Rs.419 , 40% 
Difference of Opinion, Round Neck  T-shirt , Rs.1099 , Rs.494 , 55% 
Nike, NK DRI-FIT Round Neck T-shirt , Rs.1695 , Rs.1271 , 25% 
IMPACKT, Colourblocked Round Neck T-shirt , Rs.499 , Rs.324 , 35% 
Moda Rapido, Solid Round Neck T-shirt , Rs.699 , Rs.699 , 0%
Roadster, Solid Polo Collar T-shirt , Rs.699 , Rs.559 , 20% 
Friskers, Printed Round Neck T-shirt , Rs.849 , Rs.382 , 55% 
Undercolors of Benetton, Printed Round Neck T-shirt , Rs.699 , Rs.384 , 45% 
Okane, Striped Polo Collar T-shirt , Rs.1199 , Rs.779 , 35% 
Calvin Klein Jeans, Printed Round Neck T-shirt , Rs.3999 , Rs.3999 , 0%
Roadster, Men Printed Round Neck T-shirt , Rs.599 , Rs.419 , 30% 
HERE&NOW, Printed Round Neck T-shirt , Rs.799 , Rs.479 , 40% 
Wildcraft, Printed Round Neck T-shirt , Rs.799 , Rs.559 , 30% 
Moda Rapido, Printed Round Neck T-shirt , Rs.599 , Rs.599 , 0%
Roadster, Melange Printed T-shirt , Rs.999 , Rs.699 , 30% 
HERE&NOW, Colourblocked Hooded T-shirt , Rs.1099 , Rs.659 , 40% 
Wildcraft, Men Printed Round Neck T-shirt , Rs.799 , Rs.559 , 30% 
next, Solid Round Neck T-shirt , Rs.1793 , Rs.1255 , 30% 
Roadster, Printed Round Neck T-shirt , Rs.699 , Rs.419 , 40% 
Campus Sutra, Ombre-Dyed Henley Neck T-shirt , Rs.749 , Rs.337 , 55% 
Harvard, Solid Polo Collar T-shirt , Rs.899 , Rs.539 , 40% 
DILLINGER, Striped Round Neck Maroon T-shirt , Rs.899 , Rs.359 , 60% 
Difference of Opinion, Printed Round Neck T-shirt , Rs.999 , Rs.449 , 55% 
HERE&NOW, Solid Polo T-shirt , Rs.799 , Rs.439 , 45% 
Roadster, T-shirt , Rs.599 , Rs.359 , 40% 
Maniac, Checked Round Neck T-shirt , Rs.1069 , Rs.320 , 70% 
Roadster, Colourblocked Round Neck T-shirt , Rs.599 , Rs.359 , 40% 
Reebok, Solid Style T-shirt , Rs.1199 , Rs.719 , 40% 
GESPO, Solid Henley Neck T-shirt , Rs.849 , Rs.339 , 60% 
ether, T-shirt , Rs.499 , Rs.399 , 20% 
Roadster, Striped Polo Collar T-shirt , Rs.899 , Rs.719 , 20% 
Calvin Klein Jeans, Solid Polo Collar T-shirt , Rs.3999 , Rs.2599 , 35% 
DILLINGER, Solid Round Neck Rust T-shirt , Rs.1099 , Rs.494 , 55% 
Roadster, Flock Print T-shirt , Rs.799 , Rs.639 , 20% 
Superdry, Printed Round Neck T-shirt , Rs.2999 , Rs.2249 , 25% 
Moda Rapido, Colourblocked Round Neck T-shirt , Rs.599 , Rs.419 , 30% 
GAP, Men Logo Short Sleeve T-Shirt , Rs.1499 , Rs.1124 , 25% 
Roadster, Printed T-shirt , Rs.499 , Rs.399 , 20% 
Moda Rapido, Men Solid Round Neck T-shirt , Rs.699 , Rs.699 , 0%
Maniac, Checked Round Neck T-shirt , Rs.1069 , Rs.320 , 70% 
Ecko Unltd, Solid Polo Collar T-shirt , Rs.699 , Rs.454 , 35% 
Roadster, Solid Round Neck T-shirt , Rs.499 , Rs.399 , 20% 
Superdry, Colourblocked Round Neck T-shirt , Rs.3599 , Rs.2699 , 25% 
GAP, Self Design Round Neck T-shirt , Rs.1499 , Rs.1124 , 25% 
Kalt, Colourblocked Polo Collar T-shirt , Rs.1000 , Rs.650 , 35% 
HERE&NOW, Pack of 2 T-shirts , Rs.899 , Rs.539 , 40% 
Kalt, Solid Henley Neck T-shirt , Rs.500 , Rs.350 , 30% 
Roadster, Men Pack of 2 T-shirts , Rs.999 , Rs.799 , 20% 
WEXFORD, Colourblocked Polo Collar T-shirt , Rs.899 , Rs.539 , 40% 
Rodamo, Slim Fit Polo Collar T-shirt , Rs.899 , Rs.539 , 40% 
Roadster, Striped V-Neck T-shirt , Rs.699 , Rs.419 , 40% 
Ecko Unltd, Men Printed Round Neck T-shirt , Rs.399 , Rs.259 , 35% 
Roadster, Printed Round Neck T-Shirt , Rs.699 , Rs.419 , 40% 
Scotch & Soda, Navy Blue Solid Regular Fit Round Neck T-Shirt , Rs.2990 , Rs.1794 , 40% 
ether, Men Henley T-shirt , Rs.499 , Rs.399 , 20% 
GAS, Solid Polo Collar T-shirt , Rs.2990 , Rs.2242 , 25% 
Roadster, Colourblocked Round Neck T-shirt , Rs.599 , Rs.419 , 30% 
DILLINGER, Printed Round Neck Green T-shirt , Rs.899 , Rs.404 , 55% 
Moda Rapido, Colourblocked Round Neck T-shirt , Rs.699 , Rs.699 , 0%
Levis, Men Printed Round Neck T-shirt , Rs.1499 , Rs.1124 , 25% 
Roadster, Striped Round Neck Navy Blue T-shirt , Rs.699 , Rs.489 , 30% 
HERE&NOW, Striped Round Neck T-shirt , Rs.849 , Rs.466 , 45% 
ASICS, Men Solid Seamless Ss T-shirt , Rs.2399 , Rs.1799 , 25% 
Calvin Klein Jeans, Men Solid Polo Collar T-shirt , Rs.4599 , Rs.4599 , 0%
Roadster, Striped Round Neck T-shirt , Rs.599 , Rs.479 , 20% 
Harley-Davidson, Men Solid Slim Fit T-shirt , Rs.2195 , Rs.1646 , 25% 
Roadster, Time Travlr Round Neck T-shirt , Rs.699 , Rs.419 , 40% 
Mast & Harbour, Solid Round Neck T-shirt , Rs.599 , Rs.359 , 40% 
Fort Collins, Pack of 2 Polo Collar T-shirts , Rs.1499 , Rs.1499 , 0%
Roadster, Printed T-shirt , Rs.399 , Rs.279 , 30% 
next, Solid Round Neck T-shirt , Rs.1793 , Rs.1255 , 30% 
DILLINGER, Printed Round Neck T-shirt , Rs.1099 , Rs.494 , 55% 
Roadster, Pack of 2 T-shirts , Rs.1099 , Rs.659 , 40% 
Ajile by Pantaloons, Solid Polo Collar T-shirt , Rs.699 , Rs.489 , 30% 
Roadster, Colourblocked Round Neck T-shirt , Rs.699 , Rs.419 , 40% 
Difference of Opinion, Printed T-shirt , Rs.899 , Rs.449 , 50% 
HERE&NOW, Colourblocked T-shirt , Rs.849 , Rs.551 , 35% 
Roadster, Solid Polo Collar T-shirt , Rs.999 , Rs.599 , 40% 
Denizen From Levis, Solid Polo T-shirt , Rs.899 , Rs.899 , 0%
Calvin Klein Jeans, Solid Polo Collar T-shirt , Rs.3999 , Rs.3999 , 0%
Roadster, Printed Round Neck T-shirt , Rs.599 , Rs.419 , 30% 
DILLINGER, Colourblocked Round Neck Navy Blue T-shirt , Rs.899 , Rs.404 , 55% 
UNDER ARMOUR, Vanish Seamless Hooded T-shirt , Rs.3499 , Rs.3499 , 0%
Roadster, Pack of 2 Polo T-shirts , Rs.1299 , Rs.779 , 40% 
UNDER ARMOUR, Siro Elite Â½ Zip T-shirt , Rs.3499 , Rs.3499 , 0%
Difference of Opinion, Round Neck T-shirt , Rs.1099 , Rs.494 , 55% 
AMERICAN EAGLE OUTFITTERS, Solid Round Neck T-shirt , Rs.1599 , Rs.1039 , 35% 
Superdry, Printed Round Neck T-shirt , Rs.2999 , Rs.2249 , 25% 
Roadster, Solid Polo Collar T-shirt , Rs.799 , Rs.639 , 20% 
Maniac, Raglan Neck Cotton T-shirt , Rs.1269 , Rs.380 , 70% 
Rex Straut Jeans, Striped Polo Collar T-shirt , Rs.995 , Rs.995 , 0%
HRX by Hrithik Roshan, Slim Rapid Dry Raglan T-shirt , Rs.899 , Rs.629 , 30% 
Roadster, Striped Round Neck T-shirt , Rs.699 , Rs.419 , 40% 
ARISE, Solid V-Neck T-shirt    , Rs.499 , Rs.324 , 35% 
Rex Straut Jeans, Dyed Polo Collar T-shirt , Rs.999 , Rs.999 , 0%
Superdry, Printed Round Neck T-shirt , Rs.2599 , Rs.1949 , 25% 
Roadster, Solid Round Neck T-Shirt , Rs.699 , Rs.489 , 30% 
Marks & Spencer, Men Polo Collar T-shirt , Rs.1499 , Rs.1199 , 20% 
ADIDAS, Manchester United F.C. T-shirt , Rs.2499 , Rs.1749 , 30% 
DILLINGER, Printed Round Neck T-shirt , Rs.899 , Rs.359 , 60% 
HRX by Hrithik Roshan, Solid Hooded T-shirt , Rs.1199 , Rs.839 , 30% 
Roadster, Solid Round Neck T-shirt , Rs.299 , Rs.179 , 40% 
Denizen From Levis, Men Printed Round Neck T-shirt , Rs.899 , Rs.899 , 0%
Calvin Klein Jeans, Striped Polo Collar T-shirt , Rs.4499 , Rs.2924 , 35% 
United Colors of Benetton, Solid Polo Collar T-shirt , Rs.1599 , Rs.799 , 50% 
Kalt, Colourblocked Polo Collar T-shirt , Rs.1000 , Rs.650 , 35% 
DILLINGER, Printed Round Neck Navy Blue T-shirt , Rs.899 , Rs.359 , 60% 
Jack & Jones, Solid Polo Collar T-shirt , Rs.999 , Rs.499 , 50% 
Roadster, Time Travlr Scoop Neck T-shirt , Rs.299 , Rs.209 , 30% 
Kook N Keech Marvel, Printed Round Neck T-shirt , Rs.699 , Rs.419 , 40% 
Superdry, Men Solid T-shirt , Rs.3599 , Rs.2699 , 25% 
4F, Printed Round Neck T-shirt , Rs.1540 , Rs.1540 , 0%
ARISE, Solid V-Neck T-shirt , Rs.499 , Rs.324 , 35% 
Ecko Unltd, Printed Round Neck T-shirt , Rs.499 , Rs.324 , 35% 
Roadster, Printed Round Neck T-shirt , Rs.599 , Rs.419 , 30% 
Cloak & Decker by Monte Carlo, Solid Polo Collar T-shirt , Rs.599 , Rs.449 , 25% 
United Colors of Benetton, Printed Round Neck T-shirt , Rs.1199 , Rs.539 , 55% 
Calvin Klein Jeans, Printed Round Neck T-shirt , Rs.3999 , Rs.2599 , 35% 
Roadster, Printed Round Neck T-shirt , Rs.599 , Rs.419 , 30% 
Newport, Printed Round Neck T-shirt , Rs.599 , Rs.389 , 35% 
WROGN, Printed Slim Fit T-shirt , Rs.799 , Rs.559 , 30% 
Tinted, Solid Round Neck T-shirt , Rs.795 , Rs.437 , 45% 
Roadster, Solid Round Neck White T-shirt , Rs.499 , Rs.299 , 40% 
Maniac, Printed Round Neck T-shirt , Rs.749 , Rs.262 , 65% 
Superdry, Men Round Neck T-shirt , Rs.2999 , Rs.2249 , 25% 
Roadster, Printed Round Neck T-shirt , Rs.699 , Rs.419 , 40% 
Crocodile, Striped Polo Collar T-shirt , Rs.1599 , Rs.959 , 40% 
Moda Rapido, Printed Hood T-shirt , Rs.849 , Rs.849 , 0%
Maniac, Printed T-shirt , Rs.829 , Rs.248 , 70% 
H&M, Polo Shirt , Rs.799 , Rs.799 , 0%
Rigo, Round Neck T-shirt , Rs.999 , Rs.449 , 55% 
Roadster, Pack of 3 T-shirts , Rs.1199 , Rs.719 , 40% 
Blue Saint, Solid Polo Collar T-shirt , Rs.699 , Rs.699 , 0%
United Colors of Benetton, Solid Polo Collar T-shirt , Rs.1599 , Rs.799 , 50% 
Moda Rapido, Colourblocked T-shirt , Rs.599 , Rs.599 , 0%
Maniac, Striped Round Neck T-shirt , Rs.949 , Rs.284 , 70% 
Roadster, Striped Polo T-shirt , Rs.899 , Rs.629 , 30% 
Jack & Jones, Solid V-Neck T-shirt , Rs.799 , Rs.359 , 55% 
Superdry, Colourblocked Round Neck T-shirt , Rs.3999 , Rs.2999 , 25% 
Roadster, Striped Round Neck T-shirt , Rs.599 , Rs.419 , 30% 
Harvard, Solid Polo Collar T-shirt , Rs.1099 , Rs.659 , 40% 
Maniac, Printed Round Neck T-shirt , Rs.829 , Rs.248 , 70% 
Superdry, Printed Round Neck T-shirt , Rs.2599 , Rs.1949 , 25% 
Nike, Men Standard Fit T-shirt , Rs.1295 , Rs.971 , 25% 
Blue Saint, Solid Round Neck T-shirt , Rs.599 , Rs.569 , 5% 
Roadster, Ombre Wased T-shirt , Rs.899 , Rs.539 , 40% 
Force NXT, Solid Polo Collar T-shirt , Rs.629 , Rs.377 , 40% 
United Colors of Benetton, Solid Round Neck T-shirt , Rs.799 , Rs.559 , 30% 
HERE&NOW, Solid V-Neck T-shirt , Rs.549 , Rs.329 , 40% 
Crocodile, Printed Round Neck T-shirt , Rs.599 , Rs.509 , 15% 
Superdry, Solid Polo Collar T-shirt , Rs.4999 , Rs.3749 , 25% 
Superdry, Printed Round Neck T-shirt , Rs.3599 , Rs.2699 , 25% 
Roadster, Solid Round Neck T-shirt , Rs.599 , Rs.359 , 40% 
WEXFORD, Colourblocked Polo Collar T-shirt , Rs.899 , Rs.449 , 50% 
Invincible, Solid Round Neck T-shirt , Rs.599 , Rs.449 , 25% 
Moda Rapido, Colourblocked Round Neck T-shirt , Rs.599 , Rs.479 , 20% 
Roadster, Solid Hooded T-shirt , Rs.599 , Rs.419 , 30% 
Campus Sutra, Dyed Henley Neck T-shirt , Rs.749 , Rs.337 , 55% 
INVICTUS, Solid Polo Collar T-shirt , Rs.1299 , Rs.649 , 50% 
Calvin Klein Jeans, Solid Round Neck Black T-shirt , Rs.2999 , Rs.1799 , 40% 
Roadster, Printed Round Neck T-shirt , Rs.399 , Rs.319 , 20% 
Ecko Unltd, Solid Hooded T-shirt , Rs.699 , Rs.454 , 35% 
United Colors of Benetton, Solid Polo Collar T-shirt , Rs.1199 , Rs.539 , 55% 
Roadster, Solid Hood T-shirt , Rs.699 , Rs.419 , 40% 
Force NXT, Solid Polo Collar T-shirt , Rs.629 , Rs.377 , 40% 
Force NXT, Solid Polo Collar T-shirt , Rs.629 , Rs.377 , 40% 
Difference of Opinion, Printed Round Neck T-shirt , Rs.599 , Rs.389 , 35% 
Scotch & Soda, Green Printed Regular Fit Polo T-Shirt , Rs.5990 , Rs.3594 , 40% 
Roadster, Printed Round Neck T-shirt , Rs.599 , Rs.359 , 40% 
Force NXT, Solid Polo Collar T-shirt , Rs.629 , Rs.377 , 40% 
United Colors of Benetton, Solid Polo Collar T-shirt , Rs.1199 , Rs.539 , 55% 
WROGN, Printed T-shirt , Rs.899 , Rs.629 , 30% 
Huetrap, Printed Round Neck T-shirt , Rs.999 , Rs.499 , 50% 
Roadster, Striped Polo Collar T-shirt , Rs.1099 , Rs.659 , 40% 
HIGHLANDER, Colourblocked Round Neck T-shirt , Rs.699 , Rs.349 , 50% 
United Colors of Benetton, Colourblocked Polo T-shirt , Rs.1799 , Rs.899 , 50% 
Calvin Klein Jeans, Men Printed Round Neck T-shirt , Rs.2799 , Rs.2799 , 0%
Newport, Printed Slim Fit T-shirt , Rs.599 , Rs.389 , 35% 
ether, Polo T-shirt , Rs.699 , Rs.419 , 40% 
Roadster, Printed Round Neck T-shirt , Rs.699 , Rs.559 , 20% 
United Colors of Benetton, Printed Round Neck T-shirt , Rs.1199 , Rs.539 , 55% 
Difference of Opinion, Striped Round Neck T-shirt , Rs.999 , Rs.449 , 55% 
Polo Ralph Lauren, Solid Polo Collar T-shirt , Rs.8290 , Rs.8290 , 0%
Roadster, Printed Round Neck T-shirt , Rs.499 , Rs.399 , 20% 
United Colors of Benetton, Solid Polo Collar Red T-shirt , Rs.1199 , Rs.539 , 55% 
Roadster, Striped Polo Collar T-shirt , Rs.999 , Rs.499 , 50% 
United Colors of Benetton, Printed Polo Collar T-shirt , Rs.1799 , Rs.899 , 50% 
HERE&NOW, Printed Round Neck T-shirt , Rs.799 , Rs.559 , 30% 
Maniac, Checked Round Neck Black T-shirt , Rs.1349 , Rs.337 , 75% 
Marks & Spencer, Striped Henley Neck T-shirt , Rs.1499 , Rs.1199 , 20% 
Roadster, Striped Polo Collar T-shirt , Rs.899 , Rs.719 , 20% 
SHELTR, Solid Round Neck T-shirt , Rs.799 , Rs.319 , 60% 
Calvin Klein Jeans, Men Printed Round Neck T-shirt , Rs.3299 , Rs.3299 , 0%
Kalt, Solid Polo Collar T-shirt , Rs.1000 , Rs.700 , 30% 
Roadster, Printed Round Neck T-shirt , Rs.599 , Rs.419 , 30% 
Newport, Printed Round Neck T-shirt , Rs.499 , Rs.399 , 20% 
Roadster, Solid Round Neck T-shirt , Rs.599 , Rs.299 , 50% 
Superdry, Printed Round Neck T-shirt , Rs.2999 , Rs.2249 , 25% 
Reebok, WOR SUP 2.0 Graph T-shirt , Rs.1499 , Rs.899 , 40% 
Roadster, Striped T-shirt , Rs.699 , Rs.419 , 40% 
HERE&NOW, Striped Polo Collar T-shirt , Rs.1099 , Rs.659 , 40% 
Fame Forever by Lifestyle, Dyed Round Neck T-shirt , Rs.699 , Rs.699 , 0%
Friskers, Printed Round Neck T-shirt , Rs.599 , Rs.359 , 40% 
HERE&NOW, Printed Round Neck Mauve T-shirt , Rs.799 , Rs.479 , 40% 
Superdry, Printed Round Neck T-shirt , Rs.2999 , Rs.2249 , 25% 
4F, Solid Round Neck T-shirt , Rs.1540 , Rs.1540 , 0%
ether,  Chest Print T-shirt , Rs.499 , Rs.399 , 20% 
Ecko Unltd, Printed Round Neck T-shirt , Rs.399 , Rs.259 , 35% 
HERE&NOW, Solid Polo Collar T-shirt , Rs.799 , Rs.439 , 45% 
Kalt, Colourblocked Round Neck T-shirt , Rs.700 , Rs.490 , 30% 
Roadster, Solid Round Neck T-shirt , Rs.599 , Rs.359 , 40% 
Difference of Opinion, Printed Sleeveless T-shirt , Rs.499 , Rs.374 , 25% 
Moda Rapido, Solid Round Neck T-shirt , Rs.599 , Rs.599 , 0%
GAS, Solid Polo T-shirt , Rs.2990 , Rs.2242 , 25% 
Superdry, Printed Round Neck T-shirt , Rs.3499 , Rs.2624 , 25% 
Invincible, Solid Round Neck T-shirt , Rs.699 , Rs.524 , 25% 
Roadster, Solid Hood T-shirt , Rs.699 , Rs.419 , 40% 
Roadster, Printed Round Neck T-shirt , Rs.699 , Rs.419 , 40% 
GESPO, Solid Hood T-shirt , Rs.699 , Rs.279 , 60% 
Proline Active, Men Printed Round Neck T-shirt , Rs.899 , Rs.719 , 20% 
Roadster, Solid Round Neck T-shirt , Rs.299 , Rs.239 , 20% 
FIDO DIDO, Printed Polo Collar T-shirt , Rs.1299 , Rs.584 , 55% 
KVL, Men Printed Round Neck T-shirt , Rs.699 , Rs.699 , 0%
DILLINGER, Striped Round Neck T-shirt , Rs.899 , Rs.359 , 60% 
Jack & Jones, Printed Round Neck T-shirt , Rs.1099 , Rs.549 , 50% 
People, Colourblocked Polo Collar T-shirt , Rs.699 , Rs.622 , 11% 
Difference of Opinion, Printed Round Neck T-shirt , Rs.1099 , Rs.494 , 55% 
Roadster, Printed Round Neck T-shirt , Rs.399 , Rs.319 , 20% 
Crocodile, Printed Polo Collar T-shirt , Rs.1699 , Rs.1019 , 40% 
WROGN, Self Design Round Neck T-shirt , Rs.1299 , Rs.1039 , 20% 
Moda Rapido, Melange T-shirt , Rs.399 , Rs.319 , 20% 
Superdry, Blue Polo Collar T-shirt , Rs.3999 , Rs.2999 , 25% 
WROGN, Printed T-shirt , Rs.1099 , Rs.769 , 30% 
Okane, Striped Polo Collar T-shirt , Rs.1149 , Rs.1149 , 0%
Roadster, Printed Round Neck T-shirt , Rs.599 , Rs.419 , 30% 
Superdry, Camouflage Print T-shirt , Rs.1999 , Rs.1499 , 25% 
hummel, Men Round Neck T-shirt , Rs.1699 , Rs.1189 , 30% 
HRX by Hrithik Roshan, Solid Round Neck T-shirt , Rs.1999 , Rs.799 , 60% 
Ecko Unltd, Printed T-shirt , Rs.399 , Rs.259 , 35% 
Superdry, Men Round Neck T-shirt , Rs.3599 , Rs.2699 , 25% 
Roadster, Striped Round Neck T-shirt , Rs.599 , Rs.419 , 30% 
Calvin Klein Jeans, Printed Round Neck T-shirt , Rs.3999 , Rs.3999 , 0%
Maniac, Striped Round Neck T-shirt , Rs.1179 , Rs.353 , 70% 
COTTON ON, Men Solid Round Neck T-shirt , Rs.1499 , Rs.1499 , 0%
Roadster, Printed Round Neck T-shirt , Rs.699 , Rs.279 , 60% 
Mast & Harbour, Printed Round Neck T-shirt , Rs.599 , Rs.299 , 50% 
MANGO MAN, Striped V-Neck T-shirt , Rs.1990 , Rs.1492 , 25% 
Calvin Klein Jeans, Men Printed T-shirt , Rs.4599 , Rs.4599 , 0%
Roadster, Striped Round Neck T-shirt , Rs.699 , Rs.419 , 40% 
Ajile by Pantaloons, Self Design Polo Collar T-shirt , Rs.699 , Rs.454 , 35% 
Moda Rapido, Men Printed Round Neck T-shirt , Rs.999 , Rs.999 , 0%
FIDO DIDO, Printed Polo Collar T-shirt , Rs.1099 , Rs.494 , 55% 
ELABORADO, ELABORADO Purple Slim Fit T-shirt , Rs.1199 , Rs.539 , 55% 
Force NXT, Striped Round Neck T-shirt , Rs.499 , Rs.374 , 25% 
Braveo, Men Round Neck T-shirt , Rs.899 , Rs.314 , 65% 
Calvin Klein Jeans, Solid Polo T-shirt , Rs.3999 , Rs.2399 , 40% 
Moda Rapido, Printed Sleeveless T-shirt , Rs.449 , Rs.449 , 0%
DILLINGER, Printed Round Neck White T-shirt , Rs.1099 , Rs.439 , 60% 
Rex Straut Jeans, Printed Round Neck T-shirt , Rs.995 , Rs.995 , 0%
DILLINGER, Striped Round Neck Grey T-shirt , Rs.899 , Rs.314 , 65% 
Roadster, Colourblocked Round Neck T-shirt , Rs.599 , Rs.359 , 40% 
Duke, Pack Of 2 Henley Neck T-Shirts , Rs.999 , Rs.399 , 60% 
Fort Collins, Striped Henley Neck T-shirt , Rs.699 , Rs.699 , 0%
Maniac, Colourblocked T-shirt , Rs.829 , Rs.248 , 70% 
Calvin Klein Jeans, Men Printed Round Neck T-shirt , Rs.2799 , Rs.2799 , 0%
Roadster, Dyed T-shirt , Rs.599 , Rs.419 , 30% 
People, Men Solid Round Neck T-shirt , Rs.499 , Rs.444 , 11% 
HERE&NOW, Solid V-Neck T-shirt , Rs.549 , Rs.329 , 40% 
Roadster, Printed Round Neck T-shirt , Rs.499 , Rs.349 , 30% 
Blue Saint, Printed Round Neck T-shirt , Rs.599 , Rs.569 , 5% 
Difference of Opinion, Printed Round Neck Mustard T-shirt , Rs.799 , Rs.359 , 55% 
next, Solid Round Neck T-shirt , Rs.2989 , Rs.1793 , 40% 
Roadster, Solid Polo Collar T-shirt , Rs.899 , Rs.629 , 30% 
SKULT by Shahid Kapoor, Printed Round Neck T-shirt , Rs.1099 , Rs.659 , 40% 
Maniac, Checked Round Neck T-shirt , Rs.1069 , Rs.320 , 70% 
Monte Carlo, Striped Polo Collar T-shirt , Rs.1185 , Rs.533 , 55% 
Roadster, Solid Polo Collar T-shirt , Rs.899 , Rs.539 , 40% 
Mast & Harbour, Solid Henley Neck T-shirt , Rs.499 , Rs.399 , 20% 
HERE&NOW, Solid Polo Collar T-shirt , Rs.999 , Rs.599 , 40% 
Scotch & Soda, Light Blue Solid Slim Fit Polo T-Shirt , Rs.3490 , Rs.2094 , 40% 
GESPO, Solid Scoop Neck T-shirt , Rs.899 , Rs.314 , 65% 
WROGN, Printed Neck Lightweight T-shirt , Rs.1099 , Rs.879 , 20% 
Nike, DF BRTHE SS DRY T-shirt , Rs.1395 , Rs.1046 , 25% 
GESPO, Solid Round Neck T-shirt , Rs.849 , Rs.339 , 60% 
Roadster, Printed Hood T-shirt , Rs.799 , Rs.479 , 40% 
Maniac, Checked Round Neck T-shirt , Rs.1069 , Rs.320 , 70% 
Calvin Klein Jeans, Printed Round Neck T-shirt , Rs.2999 , Rs.2999 , 0%
Roadster, Men Striped Round Neck T-shirt , Rs.799 , Rs.479 , 40% 
GAP, Men Logo Crewneck T-Shirt , Rs.1499 , Rs.1124 , 25% 
Flying Machine, Printed Round Neck T-shirt , Rs.999 , Rs.399 , 60% 
Roadster, Printed Round Neck T-shirt , Rs.699 , Rs.419 , 40% 
ether, T-shirt , Rs.399 , Rs.319 , 20% 
Mr Bowerbird, Solid Sweater T-shirt , Rs.1799 , Rs.989 , 45% 
Roadster, Solid Round Neck T-shirt , Rs.599 , Rs.359 , 40% 
DILLINGER, Printed Round Neck White T-shirt , Rs.899 , Rs.359 , 60% 
Ecko Unltd, Men Printed Round Neck T-shirt , Rs.399 , Rs.259 , 35% 
Harvard, Printed Round Neck T-shirt , Rs.699 , Rs.349 , 50% 
Maniac, Solid Round Neck T-shirt , Rs.889 , Rs.355 , 60% 
Roadster, Striped Henley Neck T-shirt , Rs.799 , Rs.479 , 40% 
GAP, Striped Polo T-shirt , Rs.1499 , Rs.1124 , 25% 
Calvin Klein Jeans, Printed Round Neck T-shirt , Rs.3299 , Rs.3299 , 0%
Roadster, Striped Round Neck T-shirt , Rs.599 , Rs.479 , 20% 
WEXFORD, Printed Round Neck T-shirt , Rs.699 , Rs.349 , 50% 
ASICS, Solid Ss Round Neck T-shirt , Rs.1699 , Rs.1274 , 25% 
Roadster, Colourblocked Polo Collar T-shirt , Rs.899 , Rs.629 , 30% 
Moda Rapido, Colourblocked Round Neck T-shirt , Rs.549 , Rs.439 , 20% 
Reebok, Men TECH GRAPHIC Training , Rs.1399 , Rs.1399 , 0%
Proline Active, Printed Round Neck T-shirt , Rs.699 , Rs.349 , 50% 
Nike, DRI-FIT Round Neck T-shirt , Rs.1695 , Rs.1271 , 25% 
Superdry, Printed Round Neck T-shirt , Rs.3599 , Rs.2699 , 25% 
WEXFORD, Printed Round Neck Yellow T-shirt , Rs.899 , Rs.404 , 55% 
Kook N Keech, Printed Longline T-shirt , Rs.899 , Rs.539 , 40% 
Roadster, Solid Round Neck T-shirt , Rs.599 , Rs.299 , 50% 
Campus Sutra, Ombre-Dyed Henley Neck T-shirt , Rs.749 , Rs.337 , 55% 
DILLINGER, Striped V-Neck T-shirt , Rs.899 , Rs.314 , 65% 
Moda Rapido, Striped Round Neck T-shirt , Rs.649 , Rs.519 , 20% 
Roadster, Printed Round Neck T-shirt , Rs.599 , Rs.299 , 50% 
Superdry, Printed Round Neck T-shirt , Rs.3499 , Rs.2624 , 25% 
HERE&NOW, Solid V-Neck T-shirt , Rs.499 , Rs.349 , 30% 
ether, Striped Polo T-shirt , Rs.699 , Rs.559 , 20% 
Roadster, Striped Round Neck T-shirt , Rs.699 , Rs.419 , 40% 
HRX by Hrithik Roshan, RAPID-DRY Printed Active T-Shirt , Rs.899 , Rs.629 , 30% 
ether, Printed Round Neck T-shirt , Rs.499 , Rs.299 , 40% 
Roadster, Printed Round Neck T-shirt , Rs.599 , Rs.299 , 50% 
Calvin Klein Jeans, Striped Polo Collar T-shirt , Rs.4299 , Rs.2794 , 35% 
ARISE, Solid V-Neck T-shirt , Rs.599 , Rs.359 , 40% 
Roadster, Printed Round Neck T-shirt , Rs.699 , Rs.419 , 40% 
French Connection, Solid Polo Collar T-shirt , Rs.1699 , Rs.934 , 45% 
Ecko Unltd, Solid Hood T-shirt , Rs.699 , Rs.454 , 35% 
Design Classics, Colourblocked Round Neck Black T-shirt , Rs.899 , Rs.404 , 55% 
Mast & Harbour, Striped Round Neck T-shirt , Rs.699 , Rs.419 , 40% 
Roadster, Men Pack of 6 T-shirts , Rs.2700 , Rs.1620 , 40% 
Force NXT, Solid Round Neck T-shirt , Rs.499 , Rs.374 , 25% 
U.S. Polo Assn., Solid Polo Collar T-shirt , Rs.1399 , Rs.1049 , 25% 
Difference of Opinion, Printed Round Neck T-shirt , Rs.999 , Rs.449 , 55% 
Roadster, Striped Round Neck T-shirt , Rs.799 , Rs.479 , 40% 
HERE&NOW, Colourblocked Round Neck T-shirt , Rs.699 , Rs.279 , 60% 
Superdry, Men Solid T-shirt , Rs.3999 , Rs.2999 , 25% 
Roadster, Round Neck T-shirt , Rs.799 , Rs.639 , 20% 
Kalt, Solid Hood T-shirt , Rs.800 , Rs.560 , 30% 
IMYOUNG, Solid Round Neck T-shirt , Rs.899 , Rs.314 , 65% 
Kook N Keech, Printed T-shirt , Rs.799 , Rs.479 , 40% 
Roadster, Colourblocked Round Neck T-shirt , Rs.599 , Rs.479 , 20% 
Superdry, Men Round Neck T-shirt , Rs.2999 , Rs.2249 , 25% 
Roadster, Printed Round Neck T-Shirt , Rs.399 , Rs.319 , 20% 
Okane, Self Design Polo Collar T-shirt , Rs.1149 , Rs.746 , 35% 
Roadster, Printed Round Neck T-shirt , Rs.599 , Rs.299 , 50% 
Free Authority, Printed Round Neck Navy Blue T-shirt , Rs.699 , Rs.384 , 45% 
Roadster, Pack of 2 T-shirts , Rs.1099 , Rs.659 , 40% 
Hypernation, Solid Polo Collar T-shirt , Rs.985 , Rs.591 , 40% 
Moda Rapido, Sleeveless Slim Fit T-shirt , Rs.449 , Rs.449 , 0%
Calvin Klein Jeans, Solid Round Neck T-shirt , Rs.2499 , Rs.1499 , 40% 
Roadster, Solid Round Neck T-shirt , Rs.599 , Rs.299 , 50% 
Mast & Harbour, Solid Round Neck T-shirt , Rs.599 , Rs.419 , 30% 
HRX by Hrithik Roshan, Solid Round Neck T-shirt , Rs.699 , Rs.489 , 30% 
ether, T-shirt , Rs.499 , Rs.399 , 20% 
HERE&NOW, Printed Polo Collar T-shirt , Rs.1299 , Rs.649 , 50% 
French Connection, Solid Slim Polo Collar T-shirt , Rs.1999 , Rs.1099 , 45% 
Calvin Klein Jeans, Printed Round Neck T-shirt , Rs.3299 , Rs.3299 , 0%
Indian Terrain, Printed Polo Collar T-shirt , Rs.1599 , Rs.879 , 45% 
Reebok, US Melange Sleeveless T-shirt , Rs.1899 , Rs.1139 , 40% 
Roadster, Solid Round Neck T-shirt , Rs.599 , Rs.359 , 40% 
Maniac, Solid V-Neck T-shirt , Rs.629 , Rs.283 , 55% 
Force NXT, Solid Round Neck T-shirt , Rs.499 , Rs.374 , 25% 
Roadster, Striped Henley Neck T-shirt , Rs.599 , Rs.419 , 30% 
ADIDAS, Men AFC A Soccer Jersey , Rs.4999 , Rs.4999 , 0%
Superdry, Embossed Round Neck T-shirt , Rs.2999 , Rs.2249 , 25% 
Roadster, Solid Round Neck T-shirt , Rs.499 , Rs.349 , 30% 
French Connection, Solid Slim Polo Collar T-shirt , Rs.1699 , Rs.934 , 45% 
Kook N Keech, Printed Round Neck T-shirt , Rs.799 , Rs.479 , 40% 
Moda Rapido, T-shirt , Rs.399 , Rs.399 , 0%
NEVA, Solid Polo Collar T-shirt , Rs.929 , Rs.929 , 0%
Crocodile, Striped Polo Collar T-shirt , Rs.1699 , Rs.1019 , 40% 
Roadster, Printed V-Neck T-shirt , Rs.499 , Rs.399 , 20% 
Superdry, Printed Round Neck T-shirt , Rs.2599 , Rs.1949 , 25% 
Force NXT, Solid Polo Collar T-shirt , Rs.629 , Rs.377 , 40% 
Duke, Solid Polo Collar T-shirt , Rs.645 , Rs.387 , 40% 
Roadster, Solid Round Neck T-shirt , Rs.599 , Rs.419 , 30% 
Superdry, Men Printed Round Neck T-shirt , Rs.3599 , Rs.2699 , 25% 
Maniac, Printed Round Neck Navy Blue T-shirt , Rs.1249 , Rs.374 , 70% 
ether, Colourblocked Round Neck T-shirt , Rs.599 , Rs.359 , 40% 
Duke, Pack of 3 Printed T-shirts , Rs.945 , Rs.425 , 55% 
BYFORD by Pantaloons, Striped Polo Collar T-shirt , Rs.699 , Rs.489 , 30% 
GAS, White Printed Slim Fit Round Neck T-Shirt , Rs.2490 , Rs.1494 , 40% 
Roadster, Solid Round Neck T-shirt , Rs.299 , Rs.239 , 20% 
Ecko Unltd, Solid Hood T-shirt , Rs.699 , Rs.454 , 35% 
HRX by Hrithik Roshan, Printed T-shirt , Rs.699 , Rs.419 , 40% 
Moda Rapido, Printed Round Neck T-shirt , Rs.649 , Rs.649 , 0%
Calvin Klein Jeans, Printed Round Neck T-shirt , Rs.2799 , Rs.2799 , 0%
ether, Typographic Print T-shirt , Rs.499 , Rs.349 , 30% 
Reebok, OST Activchill Graphic T , Rs.2499 , Rs.1749 , 30% 
COTTON ON, Striped Round Neck T-shirt , Rs.1799 , Rs.1799 , 0%
Roadster, Solid Round Neck T-shirt , Rs.299 , Rs.239 , 20% 
Huetrap, Printed Round Neck T-shirt , Rs.999 , Rs.499 , 50% 
HERE&NOW, Solid Round Neck T-shirt , Rs.799 , Rs.479 , 40% 
Timberland, Men Printed T-shirt , Rs.4799 , Rs.3359 , 30% 
ESPRIT, Printed Round Neck T-shirt , Rs.999 , Rs.999 , 0%
Marks & Spencer, Men Slim Fit Casual Shirt , Rs.2299 , Rs.1839 , 20% 
Friskers, Solid Round Neck T-shirt , Rs.849 , Rs.382 , 55% 
Roadster, Striped Round Neck T-shirt , Rs.799 , Rs.799 , 0%
Force NXT, Solid Polo Collar T-shirt , Rs.629 , Rs.377 , 40% 
Wildcraft, Solid Polo Collar T-shirt , Rs.1099 , Rs.714 , 35% 
Scotch & Soda, Solid Polo Collar T-shirt , Rs.5490 , Rs.3568 , 35% 
Roadster, Striped Round Neck T-shirt , Rs.599 , Rs.479 , 20% 
ether, Slim Fit Lightweight T-shirt , Rs.599 , Rs.479 , 20% 
GAP, Men Slub Jersey T-Shirt , Rs.1499 , Rs.1124 , 25% 
WEXFORD, Striped Polo Collar T-shirt , Rs.899 , Rs.539 , 40% 
GESPO, Solid Hood T-shirt , Rs.699 , Rs.279 , 60% 
Huetrap, Printed Round Neck T-shirt , Rs.999 , Rs.499 , 50% 
Superdry, Solid Polo Collar T-shirt , Rs.3999 , Rs.2999 , 25% 
Wildcraft, Printed Round Neck T-shirt , Rs.799 , Rs.559 , 30% 
Calvin Klein Jeans, Solid Polo Collar T-shirt , Rs.3499 , Rs.3499 , 0%
ether, Striped Polo Collar T-shirt , Rs.699 , Rs.419 , 40% 
Cloak & Decker by Monte Carlo, Solid Polo Collar T-shirt , Rs.599 , Rs.449 , 25% 
Maniac, Printed Round Neck T-shirt , Rs.1099 , Rs.329 , 70% 
Roadster, Solid Round Neck T-shirt , Rs.499 , Rs.349 , 30% 
Moda Rapido, Dyed Round Neck T-shirt , Rs.599 , Rs.599 , 0%
Superdry, Printed Round Neck T-shirt , Rs.2999 , Rs.2249 , 25% 
Puma, Printed Round Neck T-shirt , Rs.1499 , Rs.899 , 40% 
next,  Pack of 2 Round Neck T-shirt , Rs.2368 , Rs.1657 , 30% 
Rex Straut Jeans, Striped Polo Collar T-shirt , Rs.995 , Rs.995 , 0%
Roadster, Printed Round Neck T-shirt , Rs.599 , Rs.299 , 50% 
WROGN, Printed T-shirt , Rs.699 , Rs.489 , 30% 
Denizen From Levis, Solid Round Neck T-shirt , Rs.899 , Rs.899 , 0%
Roadster, Striped Polo T-shirt , Rs.799 , Rs.479 , 40% 
Puma, Printed Round Neck T-shirt , Rs.1299 , Rs.584 , 55% 
Roadster, Solid Polo Collar T-shirt , Rs.899 , Rs.539 , 40% 
ether, Striped Pique Polo T-shirt , Rs.699 , Rs.419 , 40% 
Cottonworld, Solid Mandarin Collar T-shirt , Rs.990 , Rs.693 , 30% 
Roadster, Time Travlr Scoop Neck T-shirt , Rs.299 , Rs.209 , 30% 
Moda Rapido, Printed Round Neck T-shirt , Rs.699 , Rs.489 , 30% 
Maniac, Printed Round Neck T-shirt , Rs.999 , Rs.299 , 70% 
Kalt, Colourblocked Round Neck T-shirt , Rs.900 , Rs.630 , 30% 
GAP, Men Logo Short Sleeve T-Shirt , Rs.1499 , Rs.1124 , 25% 
Superdry, Printed Round Neck T-shirt , Rs.2599 , Rs.1949 , 25% 
Moda Rapido, Printed T-shirt , Rs.599 , Rs.419 , 30% 
HRX by Hrithik Roshan, Printed T-shirt , Rs.699 , Rs.419 , 40% 
Cloak & Decker by Monte Carlo, Solid Polo Collar T-shirt , Rs.599 , Rs.449 , 25% 
Roadster, Printed Round Neck T-Shirt , Rs.399 , Rs.279 , 30% 
next, Solid Round Neck T-shirt , Rs.780 , Rs.585 , 25% 
Moda Rapido, Men Polo Collar T-shirt , Rs.999 , Rs.599 , 40% 
Roadster, Men Solid Hood T-shirt , Rs.599 , Rs.419 , 30% 
HRX by Hrithik Roshan, Printed Round Neck T-Shirt , Rs.699 , Rs.489 , 30% 
Moda Rapido, Pack of 2 Lightweight T-shirts , Rs.699 , Rs.559 , 20% 
next, Men Colourblocked T-shirt , Rs.2690 , Rs.1883 , 30% 
Moda Rapido, Printed Round Neck T-shirt , Rs.599 , Rs.359 , 40% 
Superdry, Printed Round Neck T-shirt , Rs.3599 , Rs.2699 , 25% 
Roadster, Printed Round Neck T-shirt , Rs.599 , Rs.359 , 40% 
HERE&NOW, Colourblocked Round Neck T-shirt , Rs.749 , Rs.374 , 50% 
Moda Rapido, Printed Polo Collar T-shirt , Rs.899 , Rs.719 , 20% 
John Pride, Striped Polo Collar T-shirt , Rs.1499 , Rs.1124 , 25% 
Nike, Solid POLO TEAM T-shirt , Rs.1795 , Rs.1166 , 35% 
Force NXT, Solid Polo Collar T-shirt , Rs.629 , Rs.377 , 40% 
Roadster, Printed Round Neck T-shirt , Rs.599 , Rs.359 , 40% 
Superdry, Men Solid T-shirt , Rs.2999 , Rs.2249 , 25% 
American Crew, Solid Polo Collar T-shirt , Rs.1999 , Rs.699 , 65% 
ether, Striped Round Neck T-shirt , Rs.499 , Rs.349 , 30% 
Nike, AS M NK DRY DFC JDI FS T-shirt , Rs.1495 , Rs.1121 , 25% 
Indian Terrain, Printed Polo Collar T-shirt , Rs.1599 , Rs.879 , 45% 
Roadster, Printed Round Neck T-shirt , Rs.599 , Rs.359 , 40% 
HERE&NOW, Dyed Hood T-shirt , Rs.1099 , Rs.549 , 50% 
HRX by Hrithik Roshan, Solid High Neck T-shirt , Rs.1099 , Rs.769 , 30% 
SayItLoud, Printed Round Neck T-shirt , Rs.799 , Rs.799 , 0%
next, Printed Round Neck T-shirt , Rs.2105 , Rs.1473 , 30% 
KVL, Men Printed Round Neck T-shirt , Rs.699 , Rs.699 , 0%
HERE&NOW, Colourblocked Polo Collar T-shirt , Rs.1199 , Rs.719 , 40% 
Harvard, Striped Polo T-shirt , Rs.1499 , Rs.899 , 40% 
Roadster, Solid T-shirt , Rs.699 , Rs.419 , 40% 
Difference of Opinion, Colourblocked Round Neck T-shirt , Rs.999 , Rs.449 , 55% 
Cottonworld, Solid Polo Collar T-shirt , Rs.990 , Rs.693 , 30% 
Roadster, Striped Polo Collar T-shirt , Rs.1099 , Rs.769 , 30% 
Friskers, Printed Round Neck T-shirt , Rs.599 , Rs.359 , 40% 
Maniac, Printed Round Neck Olive T-shirt , Rs.1249 , Rs.362 , 71% 
next, Solid V-Neck T-shirt , Rs.789 , Rs.591 , 25% 
Polo Ralph Lauren, Solid Round Neck T-shirt , Rs.3990 , Rs.3990 , 0%
HERE&NOW, Colourblocked Polo Collar T-shirt , Rs.1199 , Rs.719 , 40% 
UNDER ARMOUR, Stephen Curry 30 T-shirt , Rs.3499 , Rs.3499 , 0%
Roadster, Colourblocked Round Neck T-shirt , Rs.699 , Rs.349 , 50% 
Calvin Klein Jeans, Men Striped Round Neck T-shirt , Rs.2399 , Rs.2399 , 0%
Monte Carlo, Solid Polo Collar T-shirt , Rs.1270 , Rs.952 , 25% 
U.S. Polo Assn., Solid Polo T-shirt , Rs.1699 , Rs.849 , 50% 
Roadster, Striped Polo Collar T-shirt , Rs.899 , Rs.629 , 30% 
Mast & Harbour, Striped Round Neck T-shirt , Rs.599 , Rs.359 , 40% 
UNDER ARMOUR, Big Logo SS Printed T-shirt , Rs.1799 , Rs.1799 , 0%
Roadster, Solid Round Neck T-shirt , Rs.599 , Rs.419 , 30% 
Moda Rapido, Colourblocked T-shirt , Rs.599 , Rs.599 , 0%
Polo Ralph Lauren, Custom Slim Fit Pocket Tee , Rs.4990 , Rs.4990 , 0%
Roadster, Printed Round Neck T-shirt , Rs.599 , Rs.299 , 50% 
Calvin Klein Jeans, Solid Polo T-shirt , Rs.3799 , Rs.3799 , 0%
Roadster, Solid Hooded T-shirt , Rs.599 , Rs.419 , 30% 
Lacoste, Classic Fit L.12.12 Polo , Rs.4250 , Rs.4250 , 0%
Roadster, Striped Round Neck T-shirt , Rs.599 , Rs.419 , 30% 
Wildcraft, Men Solid Round Neck T-shirt , Rs.799 , Rs.559 , 30% 
Puma, Printed Round Neck T-shirt , Rs.1299 , Rs.584 , 55% 
ADIDAS, Manchester United FC Home , Rs.4999 , Rs.2999 , 40% 
HERE&NOW, Striped Round Neck T-shirt , Rs.899 , Rs.449 , 50% 
Superdry, Printed Round Neck T-shirt , Rs.3599 , Rs.2699 , 25% 
U.S. Polo Assn. Denim Co., Solid Round Neck T-shirt , Rs.899 , Rs.629 , 30% 
Kook N Keech Marvel, Printed Round Neck T-shirt , Rs.799 , Rs.479 , 40% 
Wildcraft, Solid Round Neck T-shirt , Rs.899 , Rs.629 , 30% 
Campus Sutra, Ombre-Dyed Henley Neck T-shirt , Rs.749 , Rs.337 , 55% 
Roadster, Printed Round Neck T-shirt , Rs.599 , Rs.359 , 40% 
HRX by Hrithik Roshan, Printed T-shirt , Rs.699 , Rs.419 , 40% 
Superdry, Printed Round Neck T-shirt , Rs.2999 , Rs.2249 , 25% 
Denizen From Levis, Solid Polo T-shirt , Rs.899 , Rs.899 , 0%
United Colors of Benetton, Solid Polo Collar T-shirt , Rs.1599 , Rs.959 , 40% 
Roadster, Solid Round Neck T-shirt , Rs.799 , Rs.399 , 50% 
HRX by Hrithik Roshan, Printed Round Neck T-Shirt , Rs.699 , Rs.489 , 30% 
KVL, Men Printed Round Neck T-shirt , Rs.699 , Rs.699 , 0%
next, Striped Round Neck T-shirt , Rs.2391 , Rs.1434 , 40% 
Roadster, Men Printed Round Neck T-shirt , Rs.699 , Rs.349 , 50% 
Kook N Keech, Printed Longline T-shirt , Rs.799 , Rs.479 , 40% 
KVL, Printed Round Neck T-shirt , Rs.699 , Rs.699 , 0%
HIGHLANDER, Slim Fit T-shirt , Rs.699 , Rs.314 , 55% 
WROGN, Printed Round Neck T-shirt , Rs.699 , Rs.489 , 30% 
Calvin Klein Jeans, Solid Polo Collar T-shirt , Rs.3999 , Rs.3999 , 0%
BULLMER, Men Checked Polo T-shirt , Rs.999 , Rs.999 , 0%
UNDER ARMOUR, Men Solid MK1 T-shirt , Rs.2299 , Rs.2299 , 0%
Roadster, Solid Round Neck T-Shirt , Rs.399 , Rs.319 , 20% 
Superdry, Men Printed T-shirt , Rs.3999 , Rs.2999 , 25% 
Kook N Keech Marvel, Kook N Keech Marvel Black Captain America Print T-shirt , Rs.699 , Rs.349 , 50% 
Fort Collins, Striped Round Neck T-shirt , Rs.899 , Rs.899 , 0%
United Colors of Benetton, Polo Collar T-shirt , Rs.2199 , Rs.989 , 55% 
Ecko Unltd, Solid Mandarin Collar T-shirt , Rs.699 , Rs.454 , 35% 
Ecko Unltd, Printed Round Neck T-shirt , Rs.399 , Rs.259 , 35% 
Roadster, Striped Henley Neck T-shirt , Rs.999 , Rs.699 , 30% 
ARISE, Solid V-Neck T-shirt    , Rs.499 , Rs.324 , 35% 
Moda Rapido, Printed Round Neck T-shirt , Rs.649 , Rs.649 , 0%
Wildcraft, Men Solid Round Neck T-shirt , Rs.999 , Rs.699 , 30% 
WEXFORD, Colourblocked Polo Collar T-shirt , Rs.899 , Rs.449 , 50% 
Ecko Unltd, Printed Round Neck T-shirt , Rs.399 , Rs.259 , 35% 
GAP, Henley Neck Vintage Jersey , Rs.1999 , Rs.1499 , 25% 
Scotch & Soda, Solid Polo Collar T-shirt , Rs.5490 , Rs.3568 , 35% 
Mast & Harbour, Striped Round Neck T-shirt , Rs.599 , Rs.419 , 30% 
Roadster, Solid Round Neck T-shirt , Rs.599 , Rs.299 , 50% 
Kalt, Colourblocked Round Neck T-shirt , Rs.700 , Rs.490 , 30% 
WEXFORD, Striped Polo Collar T-shirt , Rs.899 , Rs.449 , 50% 
Moda Rapido, Printed Round Neck T-shirt , Rs.599 , Rs.359 , 40% 
Puma, Men Summer Logo T-shirt , Rs.1799 , Rs.1259 , 30% 
Roadster, Printed Round Neck T-shirt , Rs.699 , Rs.419 , 40% 
next, Solid Polo Collar T-shirt , Rs.2330 , Rs.1631 , 30% 
Denizen From Levis, Printed Round Neck T-shirt , Rs.1299 , Rs.1299 , 0%
Scotch & Soda, Round Neck T-shirt , Rs.3990 , Rs.2394 , 40% 
Roadster, Printed Round Neck T-shirt , Rs.599 , Rs.299 , 50% 
Bossini, Colourblocked Polo Collar T-shirt , Rs.999 , Rs.999 , 0%
Superdry, Embroidered Round Neck T-shirt , Rs.2999 , Rs.2249 , 25% 
French Connection, Printed Polo Collar T-shirt , Rs.2299 , Rs.1264 , 45% 
Parx, Solid Polo Collar T-shirt , Rs.1199 , Rs.899 , 25% 
Superdry, Printed Slim Fit T-shirt , Rs.2599 , Rs.1949 , 25% 
Roadster, Printed Round Neck T-shirt , Rs.599 , Rs.299 , 50% 
UNDER ARMOUR, Men Vanish Seamless T-shirt , Rs.3999 , Rs.3999 , 0%
French Connection, Printed Round Neck T-shirt , Rs.1099 , Rs.604 , 45% 
Moda Rapido, Printed Round Neck T-shirt , Rs.699 , Rs.489 , 30% 
Red Tape, Solid V-Neck Black T-shirt , Rs.1099 , Rs.329 , 70% 
Superdry, Men Solid T-shirt , Rs.3599 , Rs.2699 , 25% 
WROGN, Printed Polo Collar T-shirt , Rs.1399 , Rs.839 , 40% 
Wildcraft, Men Solid Round Neck T-shirt , Rs.999 , Rs.699 , 30% 
Maniac, Striped Round Neck T-shirt , Rs.1179 , Rs.353 , 70% 
Roadster, Striped Polo Collar T-shirt , Rs.999 , Rs.499 , 50% 
Roadster, Solid Polo Collar Green T-shirt , Rs.999 , Rs.599 , 40% 
Kalt, Solid Hood T-shirt , Rs.1000 , Rs.700 , 30% 
Roadster, Varsity Print T-shirt , Rs.599 , Rs.299 , 50% 
Calvin Klein Jeans, Printed Round Neck T-shirt , Rs.2299 , Rs.1379 , 40% 
HRX by Hrithik Roshan, Solid Crew Neck T-shirt , Rs.899 , Rs.449 , 50% 
Ajile by Pantaloons, Solid Round Neck T-shirt , Rs.599 , Rs.449 , 25% 
HIGHLANDER, Printed Round Neck T-shirt , Rs.699 , Rs.349 , 50% 
T-Tog, Solid Round Neck T-shirt , Rs.649 , Rs.324 , 50% 
Roadster, Solid Polo Collar T-shirt , Rs.899 , Rs.449 , 50% 
Roadster, Colourblocked Polo Collar T-shirt , Rs.699 , Rs.489 , 30% 
Crocodile, Printed Round Neck T-shirt , Rs.599 , Rs.509 , 15% 
Superdry, Men Solid T-shirt , Rs.2999 , Rs.2249 , 25% 
Roadster, Solid Round Neck T-shirt , Rs.799 , Rs.479 , 40% 
Invincible, Solid Round Neck T-shirt , Rs.599 , Rs.449 , 25% 
Newport, Printed Round Neck T-shirt , Rs.599 , Rs.389 , 35% 
Superdry, Men Round Neck T-shirt , Rs.3599 , Rs.2699 , 25% 
Roadster, Printed Round Neck T-shirt , Rs.599 , Rs.299 , 50% 
ether, Colourblocked Round Neck T-shirt , Rs.599 , Rs.359 , 40% 
Moda Rapido, Self-Design Polo T-shirt , Rs.899 , Rs.719 , 20% 
Fame Forever by Lifestyle, Solid V-Neck T-shirt , Rs.399 , Rs.299 , 25% 
American Crew, Solid Polo Collar T-shirt , Rs.1999 , Rs.699 , 65% 
HIGHLANDER, Henley T-shirt , Rs.699 , Rs.384 , 45% 
Roadster, Colourblocked Round Neck T-shirt , Rs.899 , Rs.449 , 50% 
United Colors of Benetton, Solid Stand Collar  T-shirt , Rs.1399 , Rs.629 , 55% 
Kalt, Solid Henley Collar T-shirt , Rs.700 , Rs.490 , 30% 
Calvin Klein Jeans, Solid Round Neck T-shirt , Rs.2599 , Rs.2599 , 0%
Roadster, Time Travlr Scoop Neck T-shirt , Rs.299 , Rs.209 , 30% 
Difference of Opinion, Round Neck T-shirt , Rs.1099 , Rs.494 , 55% 
Roadster, Time Travlr Colourblocked T-shirt , Rs.399 , Rs.279 , 30% 
Polo Ralph Lauren, Custom Slim Fit Mesh Polo , Rs.8290 , Rs.8290 , 0%
ESPRIT, Printed Round Neck T-shirt , Rs.999 , Rs.999 , 0%
Reebok, CT Training T-shirt , Rs.999 , Rs.599 , 40% 
Roadster, Printed Round Neck T-shirt , Rs.599 , Rs.359 , 40% 
Ecko Unltd, Printed Round Neck T-shirt , Rs.399 , Rs.259 , 35% 
Young Trendz, Printed Round Neck T-shirt , Rs.849 , Rs.339 , 60% 
Superdry, Men Solid T-shirt , Rs.1999 , Rs.1499 , 25% 
Marks & Spencer, Striped Henley Neck T-shirt , Rs.1499 , Rs.1199 , 20% 
Roadster, Round Neck T-shirt , Rs.799 , Rs.639 , 20% 
United Colors of Benetton, Colourblocked Hooded T-shirt , Rs.2399 , Rs.1079 , 55% 
Red Tape, Solid Polo Collar Charcoal T-shirt , Rs.1799 , Rs.539 , 70% 
Forca, Solid Round Neck T-shirt , Rs.599 , Rs.479 , 20% 
Calvin Klein Jeans, Striped Polo Collar T-shirt , Rs.4599 , Rs.4599 , 0%
Newport, Printed Round Neck T-shirt , Rs.599 , Rs.389 , 35% 
DILLINGER, Printed Round Neck T-shirt , Rs.1099 , Rs.439 , 60% 
WEXFORD, Striped Polo Collar T-shirt , Rs.899 , Rs.449 , 50% 
Roadster, Solid Hood T-shirt , Rs.599 , Rs.419 , 30% 
Reebok, Men Grindle Training T-shirt , Rs.1499 , Rs.1499 , 0%
Superdry, Printed Round Neck T-shirt , Rs.3599 , Rs.2699 , 25% 
Roadster, Striped Round Neck T-shirt , Rs.599 , Rs.359 , 40% 
Mast & Harbour, Printed Round Neck T-shirt , Rs.599 , Rs.359 , 40% 
ARISE, Solid Round Neck T-shirt , Rs.699 , Rs.349 , 50% 
Fame Forever by Lifestyle, Solid Round Neck T-shirt , Rs.599 , Rs.299 , 50% 
Roadster, Printed Round Neck T-shirt , Rs.599 , Rs.299 , 50% 
Scotch & Soda, Solid Polo T-shirt , Rs.3490 , Rs.2617 , 25% 
Roadster, Solid Round Neck T-shirt , Rs.599 , Rs.359 , 40% 
Okane, Solid Round Neck T-shirt , Rs.649 , Rs.324 , 50% 
Mast & Harbour, Striped Round Neck T-shirt , Rs.499 , Rs.349 , 30% 
4F, Solid Round Neck T-shirt , Rs.1540 , Rs.1540 , 0%
Braveo, Men Round Neck T-shirt , Rs.899 , Rs.314 , 65% 
Calvin Klein Jeans, Men Printed Round Neck T-shirt , Rs.3299 , Rs.3299 , 0%
FiTZ, Colourblocked Round Neck T-shirt , Rs.845 , Rs.380 , 55% 
Roadster, Solid Hood Slub T-shirt , Rs.699 , Rs.419 , 40% 
Invincible, Solid Round Neck T-shirt , Rs.699 , Rs.524 , 25% 
Roadster, Solid Polo T-shirt , Rs.799 , Rs.479 , 40% 
HRX by Hrithik Roshan, Printed Round Neck T-shirt , Rs.899 , Rs.719 , 20% 
Roadster, Solid V-Neck T-shirt , Rs.399 , Rs.319 , 20% 
Ecko Unltd, Printed Round Neck T-shirt , Rs.399 , Rs.259 , 35% 
GAS, Men Solid T-Shirt , Rs.1990 , Rs.1194 , 40% 
Ecko Unltd, Printed Round Neck T-shirt , Rs.399 , Rs.259 , 35% 
Harley-Davidson, Printed Round Neck T-shirt , Rs.4616 , Rs.3462 , 25% 
Moda Rapido, Printed Polo Collar T-shirt , Rs.899 , Rs.719 , 20% 
HRX by Hrithik Roshan, Solid High Neck T-shirt , Rs.1099 , Rs.549 , 50% 
U.S. Polo Assn. Denim Co., Printed Round Neck T-shirt , Rs.999 , Rs.649 , 35% 
Mast & Harbour, Solid Henley Neck T-shirt , Rs.599 , Rs.359 , 40% 
KVL, Men Printed Round Neck T-shirt , Rs.699 , Rs.699 , 0%
GAP, Logo Short Sleeve T-Shirt , Rs.1499 , Rs.1124 , 25% 
Roadster, Men Solid V-Neck T-shirt , Rs.599 , Rs.299 , 50% 
Mast & Harbour, Printed Round Neck T-shirt , Rs.699 , Rs.349 , 50% 
next, Solid Round Neck T-shirt , Rs.1195 , Rs.836 , 30% 
ether, Solid Pique Polo T-shirt , Rs.599 , Rs.359 , 40% 
Fort Collins, Solid Round Neck T-shirt , Rs.499 , Rs.499 , 0%
Roadster, Striped Round Neck T-shirt , Rs.599 , Rs.419 , 30% 
SayItLoud, Colourblocked Round Neck T-shirt , Rs.1099 , Rs.1099 , 0%
Calvin Klein Jeans, Striped Polo Collar T-shirt , Rs.4499 , Rs.2924 , 35% 
WEXFORD, Printed V-Neck Grey T-shirt , Rs.899 , Rs.404 , 55% 
HERE&NOW, Striped Round Neck T-shirt , Rs.899 , Rs.449 , 50% 
GAS, Solid Round Neck T-shirt , Rs.2990 , Rs.2242 , 25% 
United Colors of Benetton, Solid Polo Collar T-shirt , Rs.1199 , Rs.539 , 55% 
NEVA, Solid Polo Collar T-shirt , Rs.929 , Rs.929 , 0%
ARISE, Solid Henley Neck T-shirt , Rs.799 , Rs.399 , 50% 
Maniac, Men Round Neck T-shirt , Rs.1099 , Rs.329 , 70% 
SayItLoud, Colourblocked Round Neck T-shirt , Rs.999 , Rs.999 , 0%
next, Printed Round Neck T-shirt , Rs.2368 , Rs.1657 , 30% 
Okane, Self Design Round Neck T-shirt , Rs.499 , Rs.324 , 35% 
Sweet Dreams, Solid Round Neck T-shirt , Rs.624 , Rs.343 , 45% 
Roadster, Solid Round Neck T-shirt , Rs.399 , Rs.279 , 30% 
Harvard, Colourblocked Round Neck T-shirt , Rs.999 , Rs.699 , 30% 
next, Short Sleeve T-Shirt , Rs.1300 , Rs.910 , 30% 
Crocodile, Striped Polo Collar T-shirt , Rs.1399 , Rs.979 , 30% 
Red Tape, Solid Henley Neck T-shirt , Rs.2299 , Rs.689 , 70% 
People, Solid Polo Collar T-shirt , Rs.699 , Rs.552 , 21% 
ether, Striped Round Neck T-shirt , Rs.499 , Rs.349 , 30% 
Scotch & Soda, Printed Polo T-shirt , Rs.5490 , Rs.3568 , 35% 
Friskers, Printed Round Neck T-shirt , Rs.599 , Rs.359 , 40% 
Tinted, Solid Round Neck T-shirt , Rs.725 , Rs.326 , 55% 
Roadster, Printed T-shirt , Rs.799 , Rs.479 , 40% 
HIGHLANDER, Printed Polo Collar T-shirt , Rs.1099 , Rs.549 , 50% 
Fitkin, Printed Round Neck T-shirt , Rs.1199 , Rs.779 , 35% 
Roadster, Solid V-Neck T-Shirt , Rs.399 , Rs.239 , 40% 
HERE&NOW, Striped Round Neck T-shirt , Rs.599 , Rs.329 , 45% 
Calvin Klein Jeans, Printed Round Neck T-shirt , Rs.3299 , Rs.3299 , 0%
Blue Saint, Solid Round Neck T-shirt , Rs.499 , Rs.499 , 0%
French Connection, Solid Slim Polo Collar T-shirt , Rs.1999 , Rs.1099 , 45% 
Fort Collins, Striped Henley Neck T-shirt , Rs.699 , Rs.699 , 0%
Roadster, Round Neck T-shirt , Rs.399 , Rs.279 , 30% 
Calvin Klein Jeans, Printed Round Neck T-shirt , Rs.2599 , Rs.2599 , 0%
Roadster, Printed Round Neck T-shirt , Rs.599 , Rs.359 , 40% 
Wildcraft, Solid Round Neck T-shirt , Rs.799 , Rs.559 , 30% 
Superdry, Solid Polo Collar T-shirt , Rs.3999 , Rs.2999 , 25% 
Roadster, Printed Round Neck T-shirt , Rs.599 , Rs.299 , 50% 
Moda Rapido, Printed Polo Collar T-shirt , Rs.899 , Rs.899 , 0%
Mast & Harbour, Colourblocked Polo Collar T-shirt , Rs.899 , Rs.449 , 50% 
Friskers, Printed Round Neck T-shirt , Rs.799 , Rs.359 , 55% 
Superdry, Camouflage Print T-shirt , Rs.1999 , Rs.1499 , 25% 
Harvard, Solid Polo Collar T-shirt , Rs.999 , Rs.499 , 50% 
Roadster, Colourblocked Round Neck T-shirt , Rs.699 , Rs.349 , 50% 
Levis, Solid Polo Collar T-shirt , Rs.2199 , Rs.2199 , 0%
ASICS, Men Polo Collar T-shirt , Rs.2299 , Rs.1724 , 25% 
2GO, Solid Round Neck T-shirt , Rs.799 , Rs.399 , 50% 
Calvin Klein Jeans, Solid Polo T-shirt , Rs.3999 , Rs.3999 , 0%
ether,  Chest Print T-shirt , Rs.499 , Rs.399 , 20% 
Roadster, Brand Carrier T-shirt , Rs.599 , Rs.299 , 50% 
Maniac, Printed Round Neck T-shirt , Rs.1069 , Rs.320 , 70% 
Difference of Opinion, Printed Round Neck Black T-shirt , Rs.1099 , Rs.494 , 55% 
Moda Rapido, Dyed Round Neck T-shirt , Rs.599 , Rs.599 , 0%
Superdry, Printed Round Neck T-shirt , Rs.2999 , Rs.2249 , 25% 
ADIDAS, Manchester United F.C. Away , Rs.4999 , Rs.3499 , 30% 
Superdry, Printed Round Neck T-shirt , Rs.3599 , Rs.2699 , 25% 
Superdry, Solid V-Neck T-shirt , Rs.1699 , Rs.1274 , 25% 
WEXFORD, Printed Round Neck Yellow T-shirt , Rs.899 , Rs.404 , 55% 
Mast & Harbour, Striped Round Neck T-shirt , Rs.799 , Rs.479 , 40% 
WROGN, Printed Round Neck T-shirt , Rs.899 , Rs.539 , 40% 
FIDO DIDO, Printed Polo Collar T-shirt , Rs.1449 , Rs.579 , 60% 
Scotch & Soda, Printed Round Neck T-shirt , Rs.3990 , Rs.2593 , 35% 
HRX by Hrithik Roshan, Men Lifestyle Tshirts , Rs.699 , Rs.419 , 40% 
Roadster, Printed Round Neck T-shirt , Rs.599 , Rs.299 , 50% 
Friskers, Printed Round Neck T-shirt , Rs.649 , Rs.324 , 50% 
COBB, Solid Round Neck T-shirt , Rs.899 , Rs.314 , 65% 
Roadster, Solid Polo Collar T-shirt , Rs.999 , Rs.499 , 50% 
GESPO, Solid Henley Neck T-shirt , Rs.849 , Rs.339 , 60% 
United Colors of Benetton, Solid V-Neck T-shirt , Rs.999 , Rs.449 , 55% 
HERE&NOW, Printed Round Neck Mauve T-shirt , Rs.799 , Rs.479 , 40% 
Calvin Klein Jeans, Solid Round Neck T-shirt , Rs.3299 , Rs.3299 , 0%
Nike, Men MILER COOL TANK Running , Rs.2295 , Rs.1721 , 25% 
Jack & Jones, Solid Polo Collar T-shirt , Rs.2299 , Rs.804 , 65% 
United Colors of Benetton, Men Striped Round Neck T-shirt , Rs.1599 , Rs.799 , 50% 
Ecko Unltd, Solid Hooded T-shirt , Rs.699 , Rs.454 , 35% 
Mast & Harbour, Self Design Round Neck T-shirt , Rs.899 , Rs.539 , 40% 
Timberland, Printed Round Neck T-shirt , Rs.2799 , Rs.1819 , 35% 
Roadster, Time Travlr Round Neck T-shirt , Rs.399 , Rs.319 , 20% 
Kook N Keech, Solid Round Neck T-shirt , Rs.699 , Rs.419 , 40% 
Roadster, Printed Round Neck T-shirt , Rs.499 , Rs.249 , 50% 
Mast & Harbour, Men Striped T-shirt , Rs.999 , Rs.499 , 50% 
Nike, ACDMY DRI-FIT Football T-shirt , Rs.1595 , Rs.1196 , 25% 
Moda Rapido, Colourblocked Polo Collar T-shirt , Rs.999 , Rs.999 , 0%
Superdry, Solid Round Neck T-shirt , Rs.1999 , Rs.1499 , 25% 
Roadster, Solid Round Neck T-shirt , Rs.299 , Rs.239 , 20% 
Ecko Unltd, Men Printed Round Neck T-shirt , Rs.399 , Rs.259 , 35% 
Roadster, Solid Round Neck T-shirt , Rs.899 , Rs.449 , 50% 
Nike, Men Running Dri-Fit T-shirt , Rs.2495 , Rs.1871 , 25% 
Roadster, Men Solid Hood T-shirt , Rs.599 , Rs.419 , 30% 
Wildcraft, Solid Polo Collar T-shirt , Rs.999 , Rs.699 , 30% 
French Connection, Solid Slim Polo Collar T-shirt , Rs.1499 , Rs.824 , 45% 
ether, Striped Round Neck T-shirt , Rs.499 , Rs.349 , 30% 
ether, Henley T-shirt , Rs.599 , Rs.359 , 40% 
Maniac, Striped Round Neck Navy Blue T-shirt , Rs.949 , Rs.332 , 65% 
Roadster, Printed Round Neck T-shirt , Rs.599 , Rs.299 , 50% 
Superdry, Men Self Design T-shirt , Rs.3999 , Rs.2999 , 25% 
ether, Striped Polo T-shirt , Rs.699 , Rs.454 , 35% 
GESPO, Striped Round Neck T-shirt , Rs.849 , Rs.297 , 65% 
U.S. Polo Assn., Solid Polo Collar T-shirt , Rs.1699 , Rs.849 , 50% 
Justice League, Printed Longline T-shirt , Rs.799 , Rs.479 , 40% 
French Connection, Printed Polo Collar T-shirt , Rs.1999 , Rs.1099 , 45% 
Kook N Keech Marvel, Printed Round Neck T-Shirt , Rs.799 , Rs.479 , 40% 
Roadster, Printed Round Neck T-shirt , Rs.599 , Rs.359 , 40% 
Rex Straut Jeans, Printed Polo Collar T-shirt , Rs.1299 , Rs.1299 , 0%
Tinted, Solid Round Neck T-shirt , Rs.725 , Rs.326 , 55% 
Calvin Klein Jeans, Striped Polo Collar T-shirt , Rs.4299 , Rs.2794 , 35% 
DILLINGER, Striped Round Neck T-shirt , Rs.899 , Rs.404 , 55% 
ADIDAS, ESS Biglogo Print T-shirt , Rs.1299 , Rs.779 , 40% 
Superdry, Men Round Neck T-shirt , Rs.1999 , Rs.1499 , 25% 
Tommy Hilfiger, Solid Polo Collar T-shirt , Rs.3799 , Rs.2469 , 35% 
Ecko Unltd, Slim Fit Round Neck T-shirt , Rs.399 , Rs.279 , 30% 
Roadster, Solid Round Neck T-shirt , Rs.599 , Rs.419 , 30% 
ADIDAS, Manchester United Replica , Rs.4999 , Rs.2999 , 40% 
HERE&NOW, Solid Polo Collar T-shirt , Rs.999 , Rs.599 , 40% 
Superdry, Printed Slim Fit T-shirt , Rs.2999 , Rs.2249 , 25% 
Maniac, Printed Round Neck T-shirt , Rs.829 , Rs.248 , 70% 
Calvin Klein Jeans, Printed Round Neck T-shirt , Rs.3299 , Rs.3299 , 0%
HERE&NOW, Printed Round Neck T-shirt , Rs.799 , Rs.399 , 50% 
Roadster, Solid Polo Collar T-shirt , Rs.899 , Rs.629 , 30% 
Jack & Jones, Navy Blue Solid Regular Fit V Neck T-Shirt , Rs.2199 , Rs.769 , 65% 
Mast & Harbour, Solid Henley T-shirt , Rs.699 , Rs.349 , 50% 
Ecko Unltd, Printed Round Neck T-shirt , Rs.399 , Rs.259 , 35% 
Roadster, Men Printed Retro Vintage T-shirt , Rs.599 , Rs.299 , 50% 
Superdry, Printed Round Neck T-shirt , Rs.2999 , Rs.2249 , 25% 
Fame Forever by Lifestyle, Solid V-Neck T-shirt , Rs.399 , Rs.299 , 25% 
Roadster, Printed Round Neck T-shirt , Rs.699 , Rs.349 , 50% 
HIGHLANDER, Printed Polo Collar T-shirt , Rs.1099 , Rs.549 , 50% 
next, Solid Round Neck T-shirt , Rs.1316 , Rs.921 , 30% 
FIDO DIDO, Printed Round Neck T-shirt , Rs.799 , Rs.279 , 65% 
GAS, Men Printed Round Neck T-shirt , Rs.2490 , Rs.1867 , 25% 
Nike, Printed DRI-FIT WILD T-shirt , Rs.1495 , Rs.1121 , 25% 
Roadster, Striped Polo Collar T-shirt , Rs.899 , Rs.449 , 50% 
Calvin Klein Jeans, Solid Round Neck T-shirt , Rs.3299 , Rs.3299 , 0%
United Colors of Benetton, Solid Polo Collar T-shirt , Rs.1799 , Rs.1079 , 40% 
Reebok, Solid Style Round Neck T-shirt , Rs.1199 , Rs.719 , 40% 
Roadster, Solid Hood T-shirt , Rs.699 , Rs.419 , 40% 
U.S. Polo Assn. Denim Co., Printed Round Neck T-shirt , Rs.999 , Rs.699 , 30% 
Moda Rapido, Printed T-shirt , Rs.599 , Rs.419 , 30% 
Roadster, Men Solid Round Neck T-shirt , Rs.599 , Rs.299 , 50% 
Jack & Jones, Printed Round Neck T-shirt , Rs.999 , Rs.499 , 50% 
Jack & Jones, Printed Round Neck T-shirt , Rs.1299 , Rs.519 , 60% 
Polo Ralph Lauren, Solid Round Neck T-shirt , Rs.3990 , Rs.3990 , 0%
Superdry, Men Printed Round Neck T-shirt , Rs.2999 , Rs.2249 , 25% 
Jack & Jones, Printed Round Neck T-shirt , Rs.1499 , Rs.749 , 50% 
HERE&NOW, Printed Round Neck T-shirt , Rs.749 , Rs.374 , 50% 
Roadster, Colourblocked Henley Neck T-shirt , Rs.899 , Rs.899 , 0%
2GO, Self-Design Round Neck T-shirt , Rs.999 , Rs.499 , 50% 
Levis, Solid Henley Neck T-shirt , Rs.1699 , Rs.1274 , 25% 
United Colors of Benetton, Solid Polo Collar T-shirt , Rs.1599 , Rs.959 , 40% 
Tommy Hilfiger, Solid Polo Collar T-shirt , Rs.3799 , Rs.2469 , 35% 
Polo Ralph Lauren, Custom Slim Fit Cotton T-Shirt , Rs.3990 , Rs.3990 , 0%
Calvin Klein Jeans, Striped Polo T-shirt , Rs.4499 , Rs.2699 , 40% 
Ecko Unltd, Printed Round Neck T-shirt , Rs.399 , Rs.259 , 35% 
GESPO, Solid Hood T-shirt , Rs.699 , Rs.279 , 60% 
WROGN, Striped Round Neck T-shirt , Rs.1399 , Rs.979 , 30% 
U.S. Polo Assn. Denim Co., Printed Round Neck T-shirt , Rs.999 , Rs.749 , 25% 
Calvin Klein Jeans, Solid Polo Collar T-shirt , Rs.3999 , Rs.3999 , 0%
Tommy Hilfiger, Solid V-Neck T-shirt , Rs.1999 , Rs.1399 , 30% 
Sztori, Solid Polo Collar T-shirt , Rs.1199 , Rs.599 , 50% 
Calvin Klein Jeans, Printed Round Neck T-shirt , Rs.3999 , Rs.2399 , 40% 
Roadster, Solid Polo Neck T-shirt , Rs.899 , Rs.449 , 50% 
Polo Ralph Lauren, Classic Fit Cotton Graphic Tee , Rs.4990 , Rs.4990 , 0%
Fame Forever by Lifestyle, Solid Polo Collar Black T-shirt , Rs.599 , Rs.449 , 25% 
Roadster, Pack of 2 T-Shirts , Rs.1099 , Rs.659 , 40% 
Mast & Harbour, Printed Polo Collar T-shirt , Rs.899 , Rs.539 , 40% 
Timberland, Chest Graphic T-shirt , Rs.2799 , Rs.1819 , 35% 
WROGN, Printed T-shirt , Rs.999 , Rs.699 , 30% 
Roadster, Striped Round Neck T-shirt , Rs.899 , Rs.449 , 50% 
U.S. Polo Assn., Solid Polo Collar T-shirt , Rs.1899 , Rs.949 , 50% 
GAP, Men Vintage Wash T-Shirt , Rs.999 , Rs.749 , 25% 
Force NXT, Striped Round Neck T-shirt , Rs.499 , Rs.374 , 25% 
next, Solid Polo Collar T-shirt , Rs.2330 , Rs.1398 , 40% 
Cloak & Decker by Monte Carlo, Solid Polo Collar T-shirt , Rs.575 , Rs.431 , 25% 
Reebok, OST Activchill Graphic T , Rs.2499 , Rs.1749 , 30% 
WROGN, Colourblocked T-shirt , Rs.999 , Rs.699 , 30% 
DILLINGER, Printed Round Neck T-shirt , Rs.1099 , Rs.439 , 60% 
Roadster, Striped Round Neck T-shirt , Rs.899 , Rs.449 , 50% 
Fitkin, Men Printed Round Neck T-shirt , Rs.1099 , Rs.769 , 30% 
Reebok, Solid Polo Collar T-shirt , Rs.1999 , Rs.1199 , 40% 
United Colors of Benetton, Self Design T-shirt , Rs.2199 , Rs.1319 , 40% 
Roadster, Solid Hood T-shirt , Rs.699 , Rs.419 , 40% 
Roadster, Printed Round Neck T-shirt , Rs.599 , Rs.299 , 50% 
Wildcraft, Men Round Neck T-shirt , Rs.999 , Rs.699 , 30% 
Ecko Unltd, Printed Round Neck T-shirt , Rs.499 , Rs.324 , 35% 
Superdry, Men Solid T-shirt , Rs.3999 , Rs.2999 , 25% 
UNDER ARMOUR, Men Qualifier T-shirt , Rs.2999 , Rs.2999 , 0%
HERE&NOW, Printed Round Neck T-shirt , Rs.799 , Rs.399 , 50% 
Mast & Harbour, Printed Round Neck T-shirt , Rs.699 , Rs.419 , 40% 
Roadster, Striped Mandarin Collar T-shirt , Rs.999 , Rs.499 , 50% 
Campus Sutra, Colourblocked Round Neck T-shirt , Rs.699 , Rs.244 , 65% 
Calvin Klein Jeans, Men Printed Round Neck T-shirt , Rs.2599 , Rs.2599 , 0%
Red Tape, Solid Henley Neck T-shirt , Rs.2299 , Rs.689 , 70% 
Roadster, Men Printed Round Neck T-shirt , Rs.599 , Rs.359 , 40% 
Alcis, Solid Round Neck T-shirt , Rs.499 , Rs.349 , 30% 
DILLINGER, Striped Round Neck Navy Blue T-shirt , Rs.1099 , Rs.384 , 65% 
Ecko Unltd, Solid Hooded T-shirt , Rs.699 , Rs.454 , 35% 
Indian Terrain, Printed Polo Collar Red T-shirt , Rs.1899 , Rs.949 , 50% 
Kalt, Henley Collar T-shirt , Rs.600 , Rs.420 , 30% 
next, Striped Round Neck T-shirt , Rs.2105 , Rs.1473 , 30% 
Roadster, Striped Polo Collar T-shirt , Rs.1099 , Rs.549 , 50% 
Friskers, Printed Round Neck T-shirt , Rs.649 , Rs.324 , 50% 
HRX by Hrithik Roshan, Solid Round Neck Navy Blue T-shirt , Rs.1299 , Rs.779 , 40% 
Roadster, Printed T-shirt , Rs.599 , Rs.359 , 40% 
Maniac, Printed Round Neck T-shirt , Rs.869 , Rs.304 , 65% 
Calvin Klein Jeans, Printed Round Neck T-shirt , Rs.3299 , Rs.3299 , 0%
IMPACKT, Solid Mandarin Collar T-shirt , Rs.599 , Rs.389 , 35% 
ether, Colourblocked T-shirt , Rs.399 , Rs.279 , 30% 
Wildcraft, Solid Round Neck T-shirt , Rs.999 , Rs.699 , 30% 
Moda Rapido, Printed Round Neck T-shirt , Rs.649 , Rs.519 , 20% 
GAS, Men Solid Polo Collar T-shirt , Rs.2990 , Rs.2242 , 25% 
INVICTUS, Checked Polo Collar T-shirt , Rs.1599 , Rs.799 , 50% 
Roadster, Time Travlr Round Neck T-shirt , Rs.399 , Rs.279 , 30% 
KVL, Printed Round Neck T-shirt , Rs.699 , Rs.699 , 0%
HIGHLANDER, Men Round Neck T-shirt , Rs.699 , Rs.349 , 50% 
Puma, Printed Round Neck T-shirt , Rs.1499 , Rs.674 , 55% 
Campus Sutra, Solid Henley Neck T-shirt , Rs.749 , Rs.337 , 55% 
People, Printed Round Neck T-shirt , Rs.499 , Rs.444 , 11% 
next, Solid Round Neck T-shirt , Rs.1316 , Rs.921 , 30% 
Maniac, Printed Round Neck T-shirt , Rs.1099 , Rs.329 , 70% 
Monte Carlo, Solid V-Neck T-shirt , Rs.595 , Rs.446 , 25% 
DILLINGER, Striped Round Neck T-shirt , Rs.899 , Rs.359 , 60% 
HERE&NOW, Striped Round Neck T-shirt , Rs.799 , Rs.399 , 50% 
Denizen From Levis, Printed Round Neck T-shirt , Rs.1299 , Rs.1299 , 0%
Calvin Klein Jeans, Printed Round Neck T-shirt , Rs.2799 , Rs.2799 , 0%
IMPACKT, Solid Round Neck T-shirt , Rs.499 , Rs.324 , 35% 
Roadster, Solid Polo Collar Blue T-shirt , Rs.899 , Rs.629 , 30% 
Mast & Harbour, Printed Polo Collar T-shirt , Rs.899 , Rs.539 , 40% 
Superdry, Printed Round Neck T-shirt , Rs.3599 , Rs.2699 , 25% 
Moda Rapido, Men Colourblocked T-shirt , Rs.899 , Rs.719 , 20% 
Roadster, Printed Round Neck T-shirt , Rs.599 , Rs.299 , 50% 
HERE&NOW, Striped Round Neck T-shirt , Rs.899 , Rs.449 , 50% 
Alcis, Men Rajasthan Royals Polo  , Rs.1299 , Rs.909 , 30% 
Young Trendz, Printed Round Neck T-shirt , Rs.849 , Rs.297 , 65% 
Mast & Harbour, Printed Round Neck T-shirt , Rs.599 , Rs.359 , 40% 
Levis, Solid Round Neck T-shirt , Rs.1299 , Rs.974 , 25% 
Wildcraft, Printed Polo Collar T-shirt , Rs.999 , Rs.699 , 30% 
Mast & Harbour, Printed Round Neck T-shirt , Rs.599 , Rs.299 , 50% 
Tommy Hilfiger, Solid Polo Collar T-shirt , Rs.2399 , Rs.1679 , 30% 
Harvard, Dyed Polo Collar T-shirt , Rs.1199 , Rs.599 , 50% 
French Connection, Solid Polo Collar T-shirt , Rs.2299 , Rs.1264 , 45% 
Calvin Klein Jeans, Men Printed Round Neck T-shirt , Rs.3299 , Rs.3299 , 0%
HERE&NOW, Printed Round Neck T-shirt , Rs.799 , Rs.399 , 50% 
Kalt, Solid Polo Collar T-shirt , Rs.1000 , Rs.700 , 30% 
HRX by Hrithik Roshan, Men Printed Yoga T-shirt , Rs.899 , Rs.449 , 50% 
Roadster, Men Printed Round Neck T-shirt , Rs.599 , Rs.299 , 50% 
United Colors of Benetton, Printed Round Neck T-shirt , Rs.999 , Rs.549 , 45% 
UCLA, Solid Round Neck T-shirt , Rs.699 , Rs.559 , 20% 
HERE&NOW, Printed Round Neck T-shirt , Rs.699 , Rs.349 , 50% 
Superdry, Printed Round Neck T-shirt , Rs.2999 , Rs.2249 , 25% 
Crocodile, Printed Round Neck T-shirt , Rs.599 , Rs.509 , 15% 
HERE&NOW, Men Striped Round Neck T-shirt , Rs.849 , Rs.424 , 50% 
United Colors of Benetton, Striped Polo Collar T-shirt , Rs.1799 , Rs.809 , 55% 
WROGN, Checked Polo Collar T-shirt , Rs.1599 , Rs.799 , 50% 
Roadster, Striped Round Neck T-shirt , Rs.899 , Rs.539 , 40% 
Okane, Striped Round Neck T-shirt , Rs.749 , Rs.486 , 35% 
United Colors of Benetton, Printed Polo Collar T-shirt , Rs.1799 , Rs.899 , 50% 
Jack & Jones, Printed Round Neck T-shirt , Rs.1799 , Rs.1799 , 0%
Superdry, Men Round Neck T-shirt , Rs.1699 , Rs.1274 , 25% 
Newport, Printed Round Neck T-shirt , Rs.599 , Rs.389 , 35% 
Roadster, Solid Polo Collar T-shirt , Rs.999 , Rs.699 , 30% 
Maniac, Colourblocked Round Neck T-shirt , Rs.1069 , Rs.320 , 70% 
DIXCY SCOTT, Colourblocked Mandarin Collar T-shirt , Rs.539 , Rs.323 , 40% 
Roadster, Solid Henley Neck T-shirt , Rs.499 , Rs.399 , 20% 
HERE&NOW, Striped Polo Collar T-shirt , Rs.1099 , Rs.549 , 50% 
Calvin Klein Jeans, Printed Round Neck T-shirt , Rs.2799 , Rs.2799 , 0%
Kalt, Solid Mandarin Collar T-shirt , Rs.700 , Rs.490 , 30% 
United Colors of Benetton, Printed Polo Collar T-shirt , Rs.1799 , Rs.899 , 50% 
Roadster, Printed T-shirt , Rs.399 , Rs.279 , 30% 
Polo Ralph Lauren, Custom Slim Fit Striped Tee , Rs.4990 , Rs.4990 , 0%
Roadster, Dyed V-Neck T-shirt , Rs.899 , Rs.359 , 60% 
Superdry, Printed Round Neck T-shirt , Rs.2599 , Rs.1949 , 25% 
Marks & Spencer, Striped Polo Collar T-shirt , Rs.2299 , Rs.1839 , 20% 
GAP, Men Printed Round Neck T-shirt , Rs.1499 , Rs.1124 , 25% 
SHELTR, Printed Round Neck T-shirt , Rs.799 , Rs.319 , 60% 
WEXFORD, Colourblocked Polo Collar T-shirt , Rs.899 , Rs.539 , 40% 
Forca, Printed Round Neck T-shirt , Rs.599 , Rs.479 , 20% 
Roadster, Colourblocked Round Neck T-shirt , Rs.699 , Rs.349 , 50% 
Ecko Unltd, Printed Round Neck T-shirt , Rs.399 , Rs.259 , 35% 
Force NXT, Solid Polo Collar T-shirt , Rs.629 , Rs.377 , 40% 
Roadster, Printed Round Neck T-shirt , Rs.599 , Rs.299 , 50% 
Tommy Hilfiger, Solid Polo Collar T-shirt , Rs.2399 , Rs.1559 , 35% 
INVICTUS, Micro Geo Printed Polo T-shirt , Rs.1599 , Rs.639 , 60% 
Newport, Printed Round Neck T-shirt , Rs.599 , Rs.389 , 35% 
Timberland, Men Printed T-shirt , Rs.4799 , Rs.3359 , 30% 
Tommy Hilfiger, Solid Polo T-shirt , Rs.2399 , Rs.1559 , 35% 
Reebok, Men AC Singlet Solid T-shirt , Rs.1999 , Rs.1999 , 0%
ADIDAS, Men Real Madrid Home Jersey , Rs.4999 , Rs.2999 , 40% 
Mast & Harbour, Printed Round Neck T-shirt , Rs.599 , Rs.359 , 40% 
Calvin Klein Jeans, Printed Round Neck T-shirt , Rs.3299 , Rs.1979 , 40% 
ELABORADO, Solid Polo Collar Burgundy T-shirt , Rs.1099 , Rs.549 , 50% 
WILD WEST, Printed Polo Collar T-shirt , Rs.999 , Rs.449 , 55% 
Fame Forever by Lifestyle, Printed Round Neck T-shirt , Rs.699 , Rs.699 , 0%
Roadster, Solid Polo T-shirt , Rs.1099 , Rs.549 , 50% 
PORTBLAIR, Solid Polo Collar T-shirt , Rs.1199 , Rs.503 , 58% 
4F, Printed Round Neck T-shirt , Rs.1540 , Rs.1540 , 0%
Roadster, Time Travlr Colourblocked T-shirt , Rs.599 , Rs.359 , 40% 
Superdry, Printed Round Neck T-shirt , Rs.2599 , Rs.1949 , 25% 
Puma, Graphic Pique Polo T-shirt , Rs.1499 , Rs.824 , 45% 
FiTZ, Solid Round Neck T-shirt , Rs.845 , Rs.380 , 55% 
Roadster, Solid Polo Collar T-shirt , Rs.1099 , Rs.659 , 40% 
French Connection, Printed Polo Collar T-shirt , Rs.2099 , Rs.1154 , 45% 
Invincible, Striped Polo Collar T-shirt , Rs.899 , Rs.674 , 25% 
Roadster, Striped Polo T-shirt , Rs.1099 , Rs.549 , 50% 
Nike, Printed Round Neck T-shirt , Rs.1495 , Rs.1121 , 25% 
Superdry, Printed Slim Fit T-shirt , Rs.2599 , Rs.1949 , 25% 
next, Solid Round Neck T-shirt , Rs.1316 , Rs.921 , 30% 
Moda Rapido, Colourblocked Polo Collar T-shirt , Rs.899 , Rs.629 , 30% 
Proline Active, Men Printed Round Neck T-shirt , Rs.899 , Rs.719 , 20% 
Flying Machine, Printed Round Neck T-shirt , Rs.1199 , Rs.539 , 55% 
Roadster, Solid Round Neck T-shirt , Rs.599 , Rs.299 , 50% 
Jack & Jones, Solid Polo T-shirt , Rs.999 , Rs.699 , 30% 
KVL, Men Printed Round Neck T-shirt , Rs.699 , Rs.699 , 0%
Red Tape, Printed Round Neck T-shirt , Rs.1499 , Rs.449 , 70% 
Calvin Klein Jeans, Solid Polo Collar T-shirt , Rs.3999 , Rs.3999 , 0%
Huetrap, Printed Round Neck T-shirt , Rs.999 , Rs.499 , 50% 
ether, Solid Henley T-shirt , Rs.599 , Rs.359 , 40% 
WROGN, Striped Round Neck T-shirt , Rs.899 , Rs.539 , 40% 
ether, Striped Round Neck T-shirt , Rs.599 , Rs.359 , 40% 
United Colors of Benetton, Solid Polo Collar T-shirt , Rs.1599 , Rs.799 , 50% 
United Colors of Benetton, Solid Round Neck T-shirt , Rs.849 , Rs.849 , 0%
ether, Striped Polo T-shirt , Rs.699 , Rs.419 , 40% 
Superdry, Printed Round Neck T-shirt , Rs.2599 , Rs.1949 , 25% 
Indian Terrain, Printed Polo Collar Green T-shirt , Rs.1399 , Rs.699 , 50% 
Roadster, Solid Polo Collar Green T-shirt , Rs.899 , Rs.449 , 50% 
Fort Collins, Solid Round Neck T-shirt , Rs.499 , Rs.499 , 0%
Superdry, Embossed Round Neck T-shirt , Rs.3599 , Rs.2699 , 25% 
Blackberrys, Printed Polo Collar T-shirt , Rs.1395 , Rs.627 , 55% 
French Connection, Printed Round Neck T-shirt , Rs.1099 , Rs.604 , 45% 
Blackberrys, Men Polo Collar T-shirt , Rs.1395 , Rs.627 , 55% 
